datetime,mlat,mlt,glat,glon,alt,Ex,pot,cpcp_kV,pass_id
2024-05-13 10:19:16,-40.012753,5.4451447,-54.484146,286.8566,873.00134,-0.0024638092,-15.984562259894776,1.0,S_1851
2024-05-13 10:19:17,-40.06677,5.4447784,-54.5401,286.8286,872.9976,-0.002729041,-18.050293804203193,1.0,S_1851
2024-05-13 10:19:18,-40.120796,5.444412,-54.596054,286.80063,872.9828,-0.002724402,-20.466128125552558,1.0,S_1851
2024-05-13 10:19:19,-40.174835,5.444046,-54.652004,286.76566,872.9865,-0.002999625,-23.971739093109306,1.0,S_1851
2024-05-13 10:19:20,-40.228886,5.44368,-54.70796,286.73767,872.9865,-0.0029953641,-27.76572537601828,1.0,S_1851
2024-05-13 10:19:21,-40.282948,5.4432983,-54.763912,286.70972,872.968,-0.003263011,-33.74881193659283,1.0,S_1851
2024-05-13 10:19:22,-40.33702,5.442932,-54.819862,286.67474,872.97723,-0.0032591186,-36.50866506435477,1.0,S_1851
2024-05-13 10:19:23,-40.3911,5.442566,-54.868824,286.64676,873.0661,-0.0032502913,-44.19492677900787,1.0,S_1851
2024-05-13 10:19:24,-40.445198,5.4421844,-54.924774,286.6118,873.16986,-0.0032463428,-52.13281477778287,1.0,S_1851
2024-05-13 10:19:25,-40.499302,5.441818,-54.987724,286.5768,873.1995,-0.0029751568,-55.91760635942913,1.0,S_1851
2024-05-13 10:19:26,-40.55342,5.441437,-55.05067,286.54883,873.1828,-0.0029697483,-57.75862919467386,1.0,S_1851
2024-05-13 10:19:27,-40.607548,5.4410706,-55.10662,286.52087,873.17914,-0.0029608554,-59.12860968898724,1.0,S_1851
2024-05-13 10:19:28,-40.661686,5.440689,-55.155582,286.4929,873.1809,-0.0029573925,-64.86948348097295,1.0,S_1851
2024-05-13 10:19:29,-40.715836,5.4403076,-55.211533,286.45792,873.1624,-0.002955888,-70.66964592269926,1.0,S_1851
2024-05-13 10:19:30,-40.769997,5.439926,-55.274483,286.42294,873.155,-0.0029503666,-72.05857476181731,1.0,S_1851
2024-05-13 10:19:31,-40.82417,5.4395447,-55.330433,286.39496,873.20874,-0.002650282,-73.9766871310949,1.0,S_1851
2024-05-13 10:19:32,-40.878353,5.439163,-55.386387,286.36002,873.3199,-0.002643775,-73.20142112619291,1.0,S_1851
2024-05-13 10:19:33,-40.93255,5.4387817,-55.435345,286.33203,873.39026,-0.0026871734,-77.15139974783239,1.0,S_1851
2024-05-13 10:19:34,-40.98675,5.4384003,-55.4913,286.29706,873.3865,-0.0026822693,-78.95379365935867,1.0,S_1851
2024-05-13 10:19:35,-41.04097,5.438019,-55.547253,286.2621,873.3717,-0.0026713216,-82.33439434821639,1.0,S_1851
2024-05-13 10:19:36,-41.0952,5.4376373,-55.6102,286.2341,873.3754,-0.0026653323,-84.2152688791594,1.0,S_1851
2024-05-13 10:19:37,-41.149437,5.4372406,-55.673145,286.20612,873.368,-0.00266385,-84.4305758996444,1.0,S_1851
2024-05-13 10:19:38,-41.203686,5.436859,-55.7291,286.17117,873.3495,-0.0026573366,-86.06909762911084,1.0,S_1851
2024-05-13 10:19:39,-41.257946,5.4364624,-55.785053,286.1362,873.3662,-0.0029423654,-89.58656677874836,1.0,S_1851
2024-05-13 10:19:40,-41.31222,5.436081,-55.841003,286.10123,873.4569,-0.0029377367,-92.68681545003085,1.0,S_1851
2024-05-13 10:19:41,-41.366505,5.435684,-55.896957,286.07324,873.5606,-0.0032119746,-98.30889511429092,1.0,S_1851
2024-05-13 10:19:42,-41.4208,5.4353027,-55.95291,286.03827,873.5884,-0.0032077178,-100.76238544493037,1.0,S_1851
2024-05-13 10:19:43,-41.4751,5.434906,-56.00187,286.01028,873.5718,-0.0031998877,-107.66819859470104,1.0,S_1851
2024-05-13 10:19:44,-41.52942,5.4345093,-56.057823,285.98233,873.568,-0.0031955745,-113.17873513963661,1.0,S_1851
2024-05-13 10:19:45,-41.583748,5.4341125,-56.113773,285.94736,873.5699,-0.003194332,-120.72058268729893,1.0,S_1851
2024-05-13 10:19:46,-41.63809,5.433716,-56.176723,285.91238,873.55695,-0.0031889272,-124.07391111650128,1.0,S_1851
2024-05-13 10:19:47,-41.692436,5.433319,-56.232674,285.8774,873.56433,-0.0031784098,-128.73354937524687,1.0,S_1851
2024-05-13 10:19:48,-41.7468,5.4329224,-56.288628,285.84943,873.631,-0.0031739867,-131.77916276148528,1.0,S_1851
2024-05-13 10:19:49,-41.80117,5.4325256,-56.337585,285.81445,873.72174,-0.0031752277,-138.61121672635,1.0,S_1851
2024-05-13 10:19:50,-41.855553,5.4321136,-56.39354,285.77948,873.77545,-0.0031692497,-145.96363408985792,1.0,S_1851
2024-05-13 10:19:51,-41.909946,5.431717,-56.456486,285.7445,873.7717,-0.0031590443,-151.09402028623742,1.0,S_1851
2024-05-13 10:19:52,-41.96435,5.43132,-56.519432,285.71655,873.7625,-0.0031534543,-152.23304149375133,1.0,S_1851
2024-05-13 10:19:53,-42.01877,5.430908,-56.568394,285.68158,873.7662,-0.0028722244,-157.06185141613275,1.0,S_1851
2024-05-13 10:19:54,-42.073196,5.4305115,-56.624344,285.6466,873.75696,-0.0028672223,-160.0758119567663,1.0,S_1851
2024-05-13 10:19:55,-42.127636,5.4300995,-56.680298,285.61163,873.74396,-0.0028575065,-163.02422202370633,1.0,S_1851
2024-05-13 10:19:56,-42.182087,5.4296875,-56.73625,285.57666,873.7902,-0.0028509232,-165.9287478719997,1.0,S_1851
2024-05-13 10:19:57,-42.23655,5.429291,-56.792206,285.5417,873.89954,-0.0028505356,-168.47059732958542,1.0,S_1851
2024-05-13 10:19:58,-42.29102,5.428879,-56.848156,285.5137,873.9773,-0.0028454245,-171.66342824183505,1.0,S_1851
2024-05-13 10:19:59,-42.345505,5.428467,-56.90411,285.47873,873.981,-0.0028844227,-174.78574008081057,1.0,S_1851
2024-05-13 10:20:00,-42.399998,5.428055,-56.960064,285.4438,873.96063,-0.0028794173,-177.87664806584849,1.0,S_1851
2024-05-13 10:20:01,-42.45483,5.4276733,-57.016014,285.4088,873.9569,-0.0028791686,-180.9662302364478,1.0,S_1851
2024-05-13 10:20:02,-42.509663,5.427292,-57.071968,285.37384,873.96063,-0.0028726333,-184.01144607972526,1.0,S_1851
2024-05-13 10:20:03,-42.5645,5.426895,-57.127922,285.33887,873.94214,-0.0028628404,-188.79768942656744,1.0,S_1851
2024-05-13 10:20:04,-42.61933,5.4265137,-57.19087,285.31088,873.95135,-0.0028566767,-190.2809129229538,1.0,S_1851
2024-05-13 10:20:05,-42.674164,5.426117,-57.246822,285.2759,874.0403,-0.002854809,-193.20681768247664,1.0,S_1851
2024-05-13 10:20:06,-42.728996,5.42572,-57.302773,285.24094,874.144,-0.00284968,-194.0136868467655,1.0,S_1851
2024-05-13 10:20:07,-42.783833,5.4253387,-57.351734,285.20596,874.17365,-0.0027890874,-198.28589480569997,1.0,S_1851
2024-05-13 10:20:08,-42.838665,5.424942,-57.407684,285.171,874.15515,-0.002782186,-202.8015855705055,1.0,S_1851
2024-05-13 10:20:09,-42.893497,5.42453,-57.470634,285.13602,874.1514,-0.002780495,-203.45677036161646,1.0,S_1851
2024-05-13 10:20:10,-42.94833,5.4241333,-57.526585,285.10107,874.1569,-0.0027735366,-205.85062513633227,1.0,S_1851
2024-05-13 10:20:11,-43.003166,5.4237366,-57.58254,285.0661,874.1459,-0.0028156864,-208.51908038931379,1.0,S_1851
2024-05-13 10:20:12,-43.058,5.4233246,-57.638493,285.03113,874.1329,-0.0028103685,-209.09072007424663,1.0,S_1851
2024-05-13 10:20:13,-43.11283,5.4229126,-57.68745,284.99615,874.1811,-0.0028094256,-213.49606289386986,1.0,S_1851
2024-05-13 10:20:14,-43.167664,5.4225006,-57.743404,284.96118,874.2903,-0.002804058,-216.08669859576526,1.0,S_1851
2024-05-13 10:20:15,-43.222496,5.4220886,-57.799355,284.9262,874.36255,-0.0027938038,-219.01135106687877,1.0,S_1851
2024-05-13 10:20:16,-43.277332,5.4216766,-57.85531,284.88425,874.3607,-0.0027868208,-221.16645531371773,1.0,S_1851
2024-05-13 10:20:17,-43.332165,5.4212646,-57.911263,284.84927,874.344,-0.0027862256,-223.6411166204632,1.0,S_1851
2024-05-13 10:20:18,-43.386997,5.4208527,-57.967216,284.8143,874.3478,-0.002779187,-226.06844590530795,1.0,S_1851
2024-05-13 10:20:19,-43.44183,5.4204254,-58.023167,284.77933,874.34955,-0.0030071188,-229.99455022766074,1.0,S_1851
2024-05-13 10:20:20,-43.496666,5.419998,-58.07912,284.74435,874.33105,-0.0030018261,-233.8847691005708,1.0,S_1851
2024-05-13 10:20:21,-43.5515,5.419586,-58.135075,284.70938,874.34033,-0.0033137926,-242.2869484865721,1.0,S_1851
2024-05-13 10:20:22,-43.60633,5.419159,-58.19802,284.6744,874.4292,-0.003307786,-246.41045796974754,1.0,S_1851
2024-05-13 10:20:23,-43.661163,5.4187317,-58.253975,284.63943,874.53296,-0.0029830793,-250.17420478318832,1.0,S_1851
2024-05-13 10:20:24,-43.716,5.418289,-58.309925,284.6045,874.56256,-0.0029761058,-253.89734876030184,1.0,S_1851
2024-05-13 10:20:25,-43.770832,5.417862,-58.36588,284.56952,874.544,-0.0026808386,-255.680990312909,1.0,S_1851
2024-05-13 10:20:26,-43.825665,5.4174194,-58.421833,284.53455,874.5422,-0.0026749298,-257.42608667027343,1.0,S_1851
2024-05-13 10:20:27,-43.880497,5.416992,-58.477787,284.49957,874.544,-0.0026624692,-259.4557773193094,1.0,S_1851
2024-05-13 10:20:28,-43.935333,5.4165497,-58.533737,284.4576,874.5255,-0.00265649,-260.7602191291444,1.0,S_1851
2024-05-13 10:20:29,-43.990166,5.416107,-58.58969,284.42264,874.5181,-0.0026538915,-262.7321300040462,1.0,S_1851
2024-05-13 10:20:30,-44.045,5.4156647,-58.645645,284.38068,874.57184,-0.0026478576,-263.9784851667587,1.0,S_1851
2024-05-13 10:20:31,-44.09983,5.415222,-58.701595,284.3457,874.6811,-0.002692649,-265.8425249676134,1.0,S_1851
2024-05-13 10:20:32,-44.154663,5.4147797,-58.75755,284.31073,874.75146,-0.0026851478,-267.6567266005811,1.0,S_1851
2024-05-13 10:20:33,-44.2095,5.414322,-58.813503,284.27576,874.74963,-0.0026841962,-269.8284721735263,1.0,S_1851
2024-05-13 10:20:34,-44.26433,5.4138794,-58.869457,284.2338,874.7348,-0.0026766397,-269.2949491555071,1.0,S_1851
2024-05-13 10:20:35,-44.319164,5.4134216,-58.918415,284.19882,874.73663,-0.002666755,-273.12038807198996,1.0,S_1851
2024-05-13 10:20:36,-44.373997,5.412964,-58.97437,284.15686,874.7329,-0.0026607015,-274.4535305248712,1.0,S_1851
2024-05-13 10:20:37,-44.428833,5.412506,-59.03032,284.1219,874.7237,-0.0029581438,-278.0590332203451,1.0,S_1851
2024-05-13 10:20:38,-44.483665,5.4120483,-59.086273,284.0869,874.757,-0.0029524784,-282.0204392521987,1.0,S_1851
2024-05-13 10:20:39,-44.538498,5.4115906,-59.142227,284.04495,874.84406,-0.0032053546,-286.92111852086396,1.0,S_1851
2024-05-13 10:20:40,-44.59333,5.4111176,-59.198177,284.00998,874.9237,-0.003199921,-292.5342893977854,1.0,S_1851
2024-05-13 10:20:41,-44.648167,5.41066,-59.25413,283.96802,874.94775,-0.00350137,-299.37398304137264,1.0,S_1851
2024-05-13 10:20:42,-44.703,5.410187,-59.310085,283.93304,874.9329,-0.0034947456,-309.09847926174507,1.0,S_1851
2024-05-13 10:20:43,-44.75783,5.4097137,-59.37303,283.89807,874.92554,-0.0038077424,-316.99572059510115,1.0,S_1851
2024-05-13 10:20:44,-44.812664,5.4092407,-59.428986,283.8561,874.93115,-0.0038015193,-328.63569996114506,1.0,S_1851
2024-05-13 10:20:45,-44.8675,5.4087677,-59.491932,283.82114,874.93665,-0.0038007789,-333.7388612637196,1.0,S_1851
2024-05-13 10:20:46,-44.922333,5.4082947,-59.54089,283.77917,874.9348,-0.0037972748,-344.2819144850466,1.0,S_1851
2024-05-13 10:20:47,-44.977165,5.4078064,-59.596844,283.7442,874.91254,-0.0034595747,-349.1185830022382,1.0,S_1851
2024-05-13 10:20:48,-45.031998,5.4073334,-59.6458,283.70224,874.9052,-0.0034555295,-357.42546906177495,1.0,S_1851
2024-05-13 10:20:49,-45.08683,5.406845,-59.701756,283.66727,874.96075,-0.0031484172,-364.99371740956326,1.0,S_1851
2024-05-13 10:20:50,-45.141666,5.406357,-59.7647,283.6253,875.0719,-0.0031414814,-367.7154878247277,1.0,S_1851
2024-05-13 10:20:51,-45.1965,5.4058685,-59.820656,283.59033,875.1404,-0.002861677,-371.0605901287256,1.0,S_1851
2024-05-13 10:20:52,-45.25133,5.4053802,-59.87661,283.54837,875.1385,-0.002853963,-374.0329731881816,1.0,S_1851
2024-05-13 10:20:53,-45.306164,5.404892,-59.93256,283.5064,875.12366,-0.0028529975,-376.63759910424255,1.0,S_1851
2024-05-13 10:20:54,-45.361,5.4044037,-59.988514,283.47144,875.12744,-0.0028452256,-379.87163314420536,1.0,S_1851
2024-05-13 10:20:55,-45.415833,5.4039,-60.044468,283.42947,875.1219,-0.0027738167,-380.30315353986,1.0,S_1851
2024-05-13 10:20:56,-45.470665,5.403412,-60.093426,283.3875,875.1126,-0.0027670076,-384.11151445973155,1.0,S_1851
2024-05-13 10:20:57,-45.525497,5.4029083,-60.14938,283.35254,875.14594,-0.0027094497,-388.4319601374609,1.0,S_1851
2024-05-13 10:20:58,-45.580334,5.402405,-60.212326,283.31058,875.233,-0.0027015968,-388.6266702403375,1.0,S_1851
2024-05-13 10:20:59,-45.635166,5.4019012,-60.26828,283.26862,875.31445,-0.0029594072,-391.9286429767342,1.0,S_1851
2024-05-13 10:21:00,-45.69,5.4013977,-60.32423,283.23364,875.3367,-0.0029530046,-395.8780498846352,1.0,S_1851
2024-05-13 10:21:01,-45.743767,5.400894,-60.380184,283.19168,875.3237,-0.0029518798,-397.362534427162,1.0,S_1851
2024-05-13 10:21:02,-45.79757,5.4003906,-60.429142,283.1497,875.3163,-0.002945093,-402.69932680500074,1.0,S_1851
2024-05-13 10:21:03,-45.85141,5.399887,-60.485096,283.10773,875.32,-0.0029947816,-406.6054650266942,1.0,S_1851
2024-05-13 10:21:04,-45.90529,5.3993683,-60.54105,283.06577,875.32556,-0.002986863,-410.45742381339323,1.0,S_1851
2024-05-13 10:21:05,-45.9592,5.3988495,-60.597,283.0238,875.3219,-0.0030434395,-414.68717852060126,1.0,S_1851
2024-05-13 10:21:06,-46.01315,5.398346,-60.652954,282.98184,875.30707,-0.0030356196,-418.863655727391,1.0,S_1851
2024-05-13 10:21:07,-46.067135,5.397827,-60.708908,282.93988,875.31445,-0.003086169,-423.00031687463115,1.0,S_1851
2024-05-13 10:21:08,-46.121155,5.3973083,-60.764862,282.9049,875.383,-0.0030784425,-427.7782186112254,1.0,S_1851
2024-05-13 10:21:09,-46.175213,5.3967896,-60.820812,282.86295,875.47375,-0.0030776262,-432.23360993828055,1.0,S_1851
2024-05-13 10:21:10,-46.229305,5.3962555,-60.876766,282.82098,875.52747,-0.0030714613,-436.6468070789299,1.0,S_1851
2024-05-13 10:21:11,-46.283432,5.3957367,-60.93272,282.77902,875.52374,-0.0030582957,-440.972348291991,1.0,S_1851
2024-05-13 10:21:12,-46.3376,5.3952026,-60.988674,282.73706,875.5145,-0.003052052,-445.25500146076797,1.0,S_1851
2024-05-13 10:21:13,-46.3918,5.3946686,-61.044624,282.6951,875.5182,-0.003049508,-447.30851100773657,1.0,S_1851
2024-05-13 10:21:14,-46.446037,5.3941345,-61.093582,282.6531,875.5089,-0.003044463,-453.29727734386347,1.0,S_1851
2024-05-13 10:21:15,-46.500313,5.3936005,-61.149536,282.61115,875.4959,-0.0030311197,-457.4418804856505,1.0,S_1851
2024-05-13 10:21:16,-46.554623,5.3930664,-61.20549,282.56918,875.54224,-0.0030247415,-461.54408070102045,1.0,S_1851
2024-05-13 10:21:17,-46.608967,5.3925323,-61.261444,282.52722,875.6515,-0.0030220905,-466.0395766639747,1.0,S_1851
2024-05-13 10:21:18,-46.66335,5.391983,-61.317394,282.47827,875.7293,-0.0030156504,-469.4104796777249,1.0,S_1851
2024-05-13 10:21:19,-46.717766,5.391449,-61.37335,282.4433,875.73486,-0.0030021286,-473.6810078380454,1.0,S_1851
2024-05-13 10:21:20,-46.77222,5.3908997,-61.429302,282.40134,875.71265,-0.0029956102,-477.994503856057,1.0,S_1851
2024-05-13 10:21:21,-46.826714,5.3903503,-61.485256,282.3524,875.70337,-0.0029928507,-481.56791216516467,1.0,S_1851
2024-05-13 10:21:22,-46.881237,5.389801,-61.541206,282.3104,875.7089,-0.0029862723,-485.4149830658762,1.0,S_1851
2024-05-13 10:21:23,-46.935802,5.3892517,-61.59716,282.26843,875.7145,-0.0029742105,-489.1827349555001,1.0,S_1851
2024-05-13 10:21:24,-46.9904,5.388687,-61.653114,282.22647,875.71265,-0.0029659113,-492.89450960396084,1.0,S_1851
2024-05-13 10:21:25,-47.045033,5.388138,-61.709064,282.1845,875.6978,-0.0030255867,-494.7997630349014,1.0,S_1851
2024-05-13 10:21:26,-47.099705,5.3875732,-61.758026,282.14255,875.70526,-0.0030186765,-503.20395835628096,1.0,S_1851
2024-05-13 10:21:27,-47.15441,5.3870087,-61.820972,282.0936,875.7719,-0.00272519,-503.2572081696053,1.0,S_1851
2024-05-13 10:21:28,-47.209156,5.386444,-61.876926,282.05164,875.8626,-0.0027165941,-505.32085674183645,1.0,S_1851
2024-05-13 10:21:29,-47.263935,5.3858795,-61.932877,282.00967,875.9164,-0.0023915137,-505.23709355622213,1.0,S_1851
2024-05-13 10:21:30,-47.31875,5.385315,-61.98883,281.9677,875.9145,-0.0023823942,-505.40546359641075,1.0,S_1851
2024-05-13 10:21:31,-47.3736,5.384735,-62.044785,281.91873,875.90155,-0.00236937,-503.47473721372216,1.0,S_1851
2024-05-13 10:21:32,-47.42849,5.3841705,-62.093742,281.86978,875.90155,-0.0023614715,-504.62675706934533,1.0,S_1851
2024-05-13 10:21:33,-47.483414,5.3835907,-62.149696,281.82782,875.9071,-0.00268487,-506.4845297567249,1.0,S_1851
2024-05-13 10:21:34,-47.538372,5.383011,-62.205647,281.78586,875.90894,-0.002676067,-508.6330841825361,1.0,S_1851
2024-05-13 10:21:35,-47.59337,5.382431,-62.2616,281.73688,875.89966,-0.0026633288,-510.03301701712326,1.0,S_1851
2024-05-13 10:21:36,-47.6484,5.381851,-62.317554,281.69492,875.89044,-0.0026544433,-511.69344126506303,1.0,S_1851
2024-05-13 10:21:37,-47.70347,5.3812714,-62.37351,281.65295,875.9256,-0.0023254708,-511.47762986872203,1.0,S_1851
2024-05-13 10:21:38,-47.75857,5.3806915,-62.42946,281.604,876.0127,-0.0023177231,-510.6012379775498,1.0,S_1851
2024-05-13 10:21:39,-47.813713,5.3800964,-62.485413,281.56204,876.0923,-0.0023658979,-510.6590971589144,1.0,S_1851
2024-05-13 10:21:40,-47.86889,5.3795013,-62.541367,281.5131,876.1145,-0.0023582364,-510.35007987702693,1.0,S_1851
2024-05-13 10:21:41,-47.924103,5.3789062,-62.597317,281.4641,876.10156,-0.0026836128,-511.8914326646104,1.0,S_1851
2024-05-13 10:21:42,-47.97935,5.378311,-62.65327,281.42215,876.0941,-0.0026763512,-513.7025806186716,1.0,S_1851
2024-05-13 10:21:43,-48.034634,5.377716,-62.709225,281.3802,876.0979,-0.002951507,-515.5826680333889,1.0,S_1851
2024-05-13 10:21:44,-48.089954,5.377121,-62.758183,281.33124,876.10345,-0.0029458285,-520.9669762364338,1.0,S_1851
2024-05-13 10:21:45,-48.145313,5.3765106,-62.814137,281.2823,876.10156,-0.002942755,-524.2236826624462,1.0,S_1851
2024-05-13 10:21:46,-48.200706,5.3759155,-62.87009,281.2403,876.08673,-0.0029356836,-528.1089824571268,1.0,S_1851
2024-05-13 10:21:47,-48.256134,5.375305,-62.92604,281.19135,876.0941,-0.0025656207,-529.1970164051068,1.0,S_1851
2024-05-13 10:21:48,-48.3116,5.374695,-62.981995,281.1424,876.1608,-0.0025579736,-528.3973203995033,1.0,S_1851
2024-05-13 10:21:49,-48.3671,5.3740845,-63.030952,281.09344,876.2516,-0.0022228044,-528.926318712191,1.0,S_1851
2024-05-13 10:21:50,-48.422638,5.373474,-63.086906,281.04446,876.3053,-0.0022129514,-527.3776151159936,1.0,S_1851
2024-05-13 10:21:51,-48.47821,5.372864,-63.14286,281.0025,876.30347,-0.002199044,-524.7435905864654,1.0,S_1851
2024-05-13 10:21:52,-48.53382,5.372238,-63.19182,280.95355,876.2923,-0.0021904605,-525.0558944193735,1.0,S_1851
2024-05-13 10:21:53,-48.589466,5.3716125,-63.247772,280.9046,876.296,-0.0021878923,-523.6136034305487,1.0,S_1851
2024-05-13 10:21:54,-48.64515,5.371002,-63.303722,280.85562,876.29047,-0.0021778925,-522.104722495159,1.0,S_1851
2024-05-13 10:21:55,-48.700867,5.3703766,-63.359676,280.80667,876.27936,-0.0021638079,-520.5031702623464,1.0,S_1851
2024-05-13 10:21:56,-48.756622,5.369751,-63.41563,280.75772,876.3146,-0.0021537228,-518.8353799174492,1.0,S_1851
2024-05-13 10:21:57,-48.812412,5.3691254,-63.471584,280.70877,876.40155,-0.002151047,-516.8958043690322,1.0,S_1851
2024-05-13 10:21:58,-48.868237,5.3684845,-63.527534,280.66678,876.48126,-0.0021408962,-515.4595268300072,1.0,S_1851
2024-05-13 10:21:59,-48.924103,5.367859,-63.58349,280.61783,876.5053,-0.0017650486,-511.42953955479106,1.0,S_1851
2024-05-13 10:22:00,-48.98,5.367218,-63.639442,280.5619,876.4905,-0.0017543148,-506.7797480216627,1.0,S_1851
2024-05-13 10:22:01,-49.03858,5.3664703,-63.695393,280.5129,876.48303,-0.0017511033,-502.42487921099064,1.0,S_1851
2024-05-13 10:22:02,-49.09711,5.3657074,-63.751347,280.46396,876.48865,-0.0017403723,-498.00086670045084,1.0,S_1851
2024-05-13 10:22:03,-49.155582,5.3649597,-63.8073,280.415,876.4942,-0.0020891232,-494.4054100421704,1.0,S_1851
2024-05-13 10:22:04,-49.214005,5.364212,-63.85626,280.36606,876.4905,-0.0020802002,-493.9912360463709,1.0,S_1851
2024-05-13 10:22:05,-49.27237,5.3634644,-63.912212,280.31708,876.4757,-0.002073603,-491.7999988293918,1.0,S_1851
2024-05-13 10:22:06,-49.330685,5.3627167,-63.968166,280.26813,876.48303,-0.0020670057,-489.5670083169716,1.0,S_1851
2024-05-13 10:22:07,-49.388943,5.361969,-64.02412,280.21918,876.54974,-0.002052444,-485.76028813878065,1.0,S_1851
2024-05-13 10:22:08,-49.44715,5.3612366,-64.073074,280.1702,876.6405,-0.002043367,-485.36645047511456,1.0,S_1851
2024-05-13 10:22:09,-49.505302,5.360489,-64.12903,280.11426,876.6942,-0.002038719,-482.63663207024956,1.0,S_1851
2024-05-13 10:22:10,-49.5634,5.3597565,-64.18498,280.0653,876.6942,-0.0020298855,-480.1653002762032,1.0,S_1851
2024-05-13 10:22:11,-49.62145,5.359009,-64.24094,280.01633,876.6813,-0.0020134137,-477.5835868980562,1.0,S_1851
2024-05-13 10:22:12,-49.67944,5.3582764,-64.29689,279.96738,876.6813,-0.0020044912,-473.78255310306076,1.0,S_1851
2024-05-13 10:22:13,-49.737377,5.357544,-64.34585,279.91144,876.68304,-0.0019983104,-472.51965955559945,1.0,S_1851
2024-05-13 10:22:14,-49.79526,5.3568115,-64.4018,279.86246,876.68304,-0.00199213,-469.80238512790993,1.0,S_1851
2024-05-13 10:22:15,-49.853092,5.356079,-64.457756,279.8135,876.68494,-0.0016056604,-464.5103379385141,1.0,S_1851
2024-05-13 10:22:16,-49.91087,5.3553467,-64.5137,279.76456,876.6886,-0.0015960687,-459.3614600384044,1.0,S_1851
2024-05-13 10:22:17,-49.968594,5.3546295,-64.56966,279.7086,876.67566,-0.0015906529,-453.6617329081405,1.0,S_1851
2024-05-13 10:22:18,-50.026264,5.353897,-64.62561,279.65964,876.65533,-0.0015809921,-448.41222011121954,1.0,S_1851
2024-05-13 10:22:19,-50.08388,5.35318,-64.681564,279.6037,876.67566,-0.0015636054,-442.54081750866317,1.0,S_1851
2024-05-13 10:22:20,-50.14144,5.3524475,-64.73752,279.55472,876.7664,-0.0015521271,-437.09879093124846,1.0,S_1851
2024-05-13 10:22:21,-50.19895,5.3517303,-64.79347,279.49878,876.8683,-0.0015483137,-431.3227212719821,1.0,S_1851
2024-05-13 10:22:22,-50.25641,5.351013,-64.84943,279.4428,876.89795,-0.0015367622,-425.4675511988098,1.0,S_1851
2024-05-13 10:22:23,-50.31381,5.350296,-64.90537,279.38687,876.8812,-0.0018930436,-420.43189684324443,1.0,S_1851
2024-05-13 10:22:24,-50.37116,5.349579,-64.95434,279.33792,876.872,-0.0018850788,-417.6371076609321,1.0,S_1851
2024-05-13 10:22:25,-50.42845,5.348877,-65.003296,279.28195,876.87756,-0.001881357,-415.61618092838853,1.0,S_1851
2024-05-13 10:22:26,-50.485695,5.34816,-65.05925,279.233,876.88495,-0.0018718909,-412.355667871489,1.0,S_1851
2024-05-13 10:22:27,-50.54288,5.3474426,-65.1152,279.17703,876.88684,-0.0014787145,-406.12390315018,1.0,S_1851
2024-05-13 10:22:28,-50.600018,5.3467407,-65.17115,279.1211,876.8701,-0.001468654,-399.826588403595,1.0,S_1851
2024-05-13 10:22:29,-50.657097,5.346039,-65.227104,279.06516,876.8572,-0.0014628606,-393.4939827815506,1.0,S_1851
2024-05-13 10:22:30,-50.714123,5.345337,-65.28306,279.0092,876.90717,-0.0014509858,-387.08203165838495,1.0,S_1851
2024-05-13 10:22:31,-50.771095,5.344635,-65.33901,278.95325,877.0164,-0.0017354258,-382.3930183879902,1.0,S_1851
2024-05-13 10:22:32,-50.828014,5.343933,-65.394966,278.90427,877.0887,-0.0017237798,-376.9148234715717,1.0,S_1851
2024-05-13 10:22:33,-50.884884,5.343231,-65.443924,278.84833,877.0868,-0.00172139,-374.0559001040024,1.0,S_1851
2024-05-13 10:22:34,-50.941696,5.3425293,-65.49988,278.79236,877.0683,-0.0017096743,-369.40402689224857,1.0,S_1851
2024-05-13 10:22:35,-50.99845,5.3418274,-65.55583,278.73642,877.0702,-0.0016918115,-364.6352930439857,1.0,S_1851
2024-05-13 10:22:36,-51.055157,5.3411407,-65.61178,278.68045,877.07385,-0.0016817574,-358.6035920874806,1.0,S_1851
2024-05-13 10:22:37,-51.11181,5.340454,-65.66074,278.6245,877.072,-0.0016043901,-354.9591929225144,1.0,S_1851
2024-05-13 10:22:38,-51.168407,5.339752,-65.71669,278.56857,877.072,-0.0015940976,-349.542923519331,1.0,S_1851
2024-05-13 10:22:39,-51.224953,5.3390656,-65.772644,278.5126,877.0776,-0.0015758667,-344.0028296135147,1.0,S_1851
2024-05-13 10:22:40,-51.28144,5.338379,-65.8286,278.45667,877.0757,-0.0015637279,-338.38636249960746,1.0,S_1851
2024-05-13 10:22:41,-51.33788,5.3376923,-65.88455,278.4007,877.0553,-0.0015594692,-331.62746944540095,1.0,S_1851
2024-05-13 10:22:42,-51.394264,5.3370056,-65.93351,278.34476,877.06464,-0.001548742,-327.8201676536514,1.0,S_1851
2024-05-13 10:22:43,-51.450592,5.336334,-65.98946,278.2818,877.1535,-0.0011463814,-319.0887551455071,1.0,S_1851
2024-05-13 10:22:44,-51.50687,5.3356476,-66.04542,278.22586,877.2572,-0.0011353493,-309.7881523493811,1.0,S_1851
2024-05-13 10:22:45,-51.56309,5.334976,-66.094376,278.1699,877.2887,-0.00077093317,-300.00228487504546,1.0,S_1851
2024-05-13 10:22:46,-51.61926,5.3342896,-66.14333,278.11395,877.2702,-0.0007608652,-290.80091281233626,1.0,S_1851
2024-05-13 10:22:47,-51.675377,5.333618,-66.19929,278.051,877.25903,-0.0007412836,-279.36110281295487,1.0,S_1851
2024-05-13 10:22:48,-51.731438,5.332947,-66.25524,277.99503,877.2609,-0.000727866,-268.758579459693,1.0,S_1851
2024-05-13 10:22:49,-51.787445,5.3322754,-66.318184,277.9321,877.2702,-0.0007209141,-255.49399369128105,1.0,S_1851
2024-05-13 10:22:50,-51.8434,5.331604,-66.37414,277.87613,877.27386,-0.0007074241,-243.64663765992418,1.0,S_1851
2024-05-13 10:22:51,-51.899303,5.3309326,-66.423096,277.8202,877.25903,-0.0006891509,-233.4918283698603,1.0,S_1851
2024-05-13 10:22:52,-51.95515,5.330261,-66.47206,277.75723,877.24615,-0.0006788636,-222.96311880232588,1.0,S_1851
2024-05-13 10:22:53,-52.010944,5.329605,-66.52102,277.6943,877.29614,-0.0010360007,-215.23636494514722,1.0,S_1851
2024-05-13 10:22:54,-52.06668,5.3289337,-66.57697,277.63834,877.4054,-0.001022822,-206.15794078814815,1.0,S_1851
2024-05-13 10:22:55,-52.122368,5.3282776,-66.63292,277.5754,877.4776,-0.0010050987,-196.65713633942414,1.0,S_1851
2024-05-13 10:22:56,-52.178,5.3276215,-66.68887,277.51245,877.47577,-0.0009918307,-186.94881318200078,1.0,S_1851
2024-05-13 10:22:57,-52.23358,5.3269653,-66.74483,277.45648,877.4573,-0.0009848267,-176.93159333358562,1.0,S_1851
2024-05-13 10:22:58,-52.28911,5.326309,-66.793785,277.39355,877.4554,-0.00097479933,-168.8162079894214,1.0,S_1851
2024-05-13 10:22:59,-52.344578,5.325653,-66.84974,277.3376,877.46094,-0.00095510134,-159.29953733225648,1.0,S_1851
2024-05-13 10:23:00,-52.399998,5.324997,-66.90569,277.27466,877.4628,-0.00094167644,-148.72384550062088,1.0,S_1851
2024-05-13 10:23:01,-52.455364,5.324341,-66.95465,277.2117,877.4628,-0.00093787623,-140.48324879417896,1.0,S_1851
2024-05-13 10:23:02,-52.510674,5.3237,-67.010605,277.14874,877.4646,-0.00092438335,-130.46229387123367,1.0,S_1851
2024-05-13 10:23:03,-52.56593,5.323044,-67.06656,277.08582,877.4628,-0.00082144316,-119.7470957975188,1.0,S_1851
2024-05-13 10:23:04,-52.621136,5.322403,-67.12251,277.02286,877.4498,-0.0008076817,-108.94186132687173,1.0,S_1851
2024-05-13 10:23:05,-52.676285,5.321762,-67.17846,276.9599,877.4573,-0.0008020542,-97.53956679520252,1.0,S_1851
2024-05-13 10:23:06,-52.731384,5.321121,-67.227425,276.89697,877.52386,-0.00078976946,-88.31190253605519,1.0,S_1851
2024-05-13 10:23:07,-52.786427,5.3204803,-67.28337,276.834,877.6146,-0.0008532747,-77.83622734394339,1.0,S_1851
2024-05-13 10:23:08,-52.841415,5.3198395,-67.339325,276.77106,877.6684,-0.0008413401,-66.68722340772592,1.0,S_1851
2024-05-13 10:23:09,-52.89635,5.3191986,-67.38828,276.70813,877.6665,-0.0008355284,-57.78792571682152,1.0,S_1851
2024-05-13 10:23:10,-52.951233,5.3185577,-67.44424,276.64517,877.65356,-0.00082172325,-47.112486205568985,1.0,S_1851
2024-05-13 10:23:11,-53.00606,5.317932,-67.50019,276.58224,877.6554,-0.0018065654,-43.35979528366215,1.0,S_1851
2024-05-13 10:23:12,-53.060837,5.3172913,-67.556145,276.5123,877.6572,-0.0017937538,-37.71904574460223,1.0,S_1851
2024-05-13 10:23:13,-53.11556,5.3166656,-67.6051,276.44934,877.6554,-0.0023956879,-37.733399023100446,1.0,S_1851
2024-05-13 10:23:14,-53.170227,5.31604,-67.65406,276.38638,877.6591,-0.002384964,-39.374381984016054,1.0,S_1851
2024-05-13 10:23:15,-53.224842,5.3154144,-67.710014,276.32346,877.66284,-0.0019683242,-36.74986264332074,1.0,S_1851
2024-05-13 10:23:16,-53.279404,5.314789,-67.76597,276.2535,877.64984,-0.001955463,-32.10424986200769,1.0,S_1851
2024-05-13 10:23:17,-53.333908,5.314163,-67.814926,276.19055,877.62946,-0.001656547,-29.01084400366517,1.0,S_1851
2024-05-13 10:23:18,-53.388363,5.3135376,-67.87088,276.1206,877.648,-0.0016433306,-23.64439910401461,1.0,S_1851
2024-05-13 10:23:19,-53.442764,5.3129272,-67.926834,276.05768,877.74054,-0.0013097079,-16.488313890646623,1.0,S_1851
2024-05-13 10:23:20,-53.49711,5.3123016,-67.98279,275.98773,877.8424,-0.001296099,0.0,1.0,S_1851
